{"minimum": 0.30014655593551537, "maximum": 0.6560820713238886}